EmployeeName,EmployeeNumber,State,Zip,DOB,Age,Sex,MaritalDesc,CitizenDesc,HispanicLatino,RaceDesc,DateofHire,DateofTermination,ReasonForTerm,EmploymentStatus,Department,Position,PayRate,ManagerName,EmployeeSource,PerformanceScore
"Brown, Mia",1103024456,MA,01450,1985-11-24,32,Female,Married,US Citizen,No,Black or African American,2008-10-27,NA,N/A - still employed,Active,Admin Offices,Accountant I,28.5,Brandon R. LeBlanc,Diversity Job Fair,Fully Meets
"LaRotonda, William",1106026572,MA,01460,1984-04-26,33,Male,Divorced,US Citizen,No,Black or African American,2014-01-06,NA,N/A - still employed,Active,Admin Offices,Accountant I,23,Brandon R. LeBlanc,Website Banner Ads,Fully Meets
"Steans, Tyrone",1302053333,MA,02703,1986-09-01,31,Male,Single,US Citizen,No,White,2014-09-29,NA,N/A - still employed,Active,Admin Offices,Accountant I,29,Brandon R. LeBlanc,Internet Search,Fully Meets
"Howard, Estelle",1211050782,MA,02170,1985-09-16,32,Female,Married,US Citizen,No,White,2015-02-16,2015-04-15,N/A - still employed,Active,Admin Offices,Administrative Assistant,21.5,Brandon R. LeBlanc,Pay Per Click - Google,N/A- too early to review
"Singh, Nan",1307059817,MA,02330,1988-05-19,29,Female,Single,US Citizen,No,White,2015-05-01,NA,N/A - still employed,Active,Admin Offices,Administrative Assistant,16.56,Brandon R. LeBlanc,Website Banner Ads,N/A- too early to review
"Smith, Leigh Ann",0711007713,MA,01844,1987-06-14,30,Female,Married,US Citizen,No,Asian,2011-09-26,2013-09-25,career change,Voluntarily Terminated,Admin Offices,Administrative Assistant,20.5,Brandon R. LeBlanc,Diversity Job Fair,Fully Meets
"LeBlanc, Brandon  R",1102024115,MA,01460,1984-06-10,33,Male,Married,US Citizen,No,White,2016-01-05,NA,N/A - still employed,Active,Admin Offices,Shared Services Manager,55,Janet King,Monster.com,Fully Meets
"Quinn, Sean",1206043417,MA,02045,1984-11-06,33,Male,Married,Eligible NonCitizen,No,Black or African American,2011-02-21,2015-08-15,career change,Voluntarily Terminated,Admin Offices,Shared Services Manager,55,Janet King,Diversity Job Fair,Fully Meets
"Boutwell, Bonalyn",1307060188,MA,02468,1987-04-04,30,Female,Married,US Citizen,No,Asian,2015-02-16,NA,N/A - still employed,Active,Admin Offices,Sr. Accountant,34.95,Brandon R. LeBlanc,Diversity Job Fair,90-day meets
"Foster-Baker, Amy",1201031308,MA,02050,1979-04-16,38,Female,Married,US Citizen,No,White,2009-01-05,NA,N/A - still employed,Active,Admin Offices,Sr. Accountant,34.95,Board of Directors,Other,Fully Meets
"King, Janet",1001495124,MA,01902,1954-09-21,63,Female,Married,US Citizen,Yes,White,2012-07-02,NA,N/A - still employed,Active,Executive Office,President & CEO,80,Board of Directors,Pay Per Click - Google,Fully Meets
"Zamora, Jennifer",1112030816,MA,02067,1979-08-30,38,Female,Single,US Citizen,No,White,2010-04-10,NA,N/A - still employed,Active,IT/IS,CIO,65,Janet King,Employee Referral,Exceptional
"Becker, Renee",1102024056,MA,02026,1986-04-04,31,Female,Single,US Citizen,Yes,White,2014-07-07,2015-09-12,performance,Terminated for Cause,IT/IS,Database Administrator,43,Simon Roup,Search Engine - Google Bing Yahoo,Fully Meets
"Goble, Taisha",0905013738,MA,02127,1971-10-23,46,Female,Single,US Citizen,No,White,2015-02-16,2015-03-15,"no-call, no-show",Terminated for Cause,IT/IS,Database Administrator,48.5,Simon Roup,Glassdoor,Fully Meets
"Hernandez, Daniff",1410071156,MA,01960,1986-08-07,31,Male,Married,US Citizen,No,Black or African American,2015-02-16,2015-02-22,"no-call, no-show",Terminated for Cause,IT/IS,Database Administrator,40.1,Simon Roup,Employee Referral,N/A- too early to review
"Horton, Jayne",1105025718,MA,02493,1984-02-21,33,Female,Single,US Citizen,No,White,2015-03-30,NA,N/A - still employed,Active,IT/IS,Database Administrator,34,Simon Roup,Glassdoor,N/A- too early to review
"Johnson, Noelle",1003018246,MA,02301,1986-11-07,31,Female,Married,US Citizen,No,Asian,2015-01-05,NA,N/A - still employed,Leave of Absence,IT/IS,Database Administrator,40,Simon Roup,Glassdoor,90-day meets
"Murray, Thomas",1406068403,TX,78230,1988-07-04,29,Male,Divorced,US Citizen,No,Black or African American,2014-11-10,NA,N/A - still employed,Active,IT/IS,Database Administrator,35.5,Simon Roup,Diversity Job Fair,Exceptional
"Pearson, Randall",1102023965,MA,02747,1984-09-05,33,Male,Married,US Citizen,No,White,2014-12-01,2016-05-01,performance,Voluntarily Terminated,IT/IS,Database Administrator,41,Simon Roup,Employee Referral,Fully Meets
"Petrowsky, Thelma",1108027853,MA,01886,1984-09-16,33,Female,Married,US Citizen,No,Asian,2014-11-10,NA,N/A - still employed,Active,IT/IS,Database Administrator,42.75,Simon Roup,Employee Referral,Exceptional
"Roby, Lori",1407068885,MA,01886,1981-10-11,36,Female,Married,US Citizen,No,White,2015-02-16,NA,N/A - still employed,Active,IT/IS,Database Administrator,39.55,Simon Roup,Employee Referral,Fully Meets
"Rogers, Ivan",1203032255,MA,01810,1986-08-26,31,Male,Married,US Citizen,No,White,2015-03-30,NA,N/A - still employed,Active,IT/IS,Database Administrator,42.2,Simon Roup,Pay Per Click - Google,N/A- too early to review
"Salter, Jason",1111030148,MA,02452,1987-12-17,30,Male,Divorced,US Citizen,No,Black or African American,2015-01-05,2015-10-31,hours,Voluntarily Terminated,IT/IS,Database Administrator,45,Simon Roup,Vendor Referral,90-day meets
"Simard, Kramer",0808010278,MA,02110,1970-02-08,47,Male,Married,US Citizen,Yes,White,2015-01-05,NA,N/A - still employed,Active,IT/IS,Database Administrator,30.2,Simon Roup,Employee Referral,90-day meets
"Zhou, Julia",1110029732,MA,02148,1979-02-24,38,Female,Single,US Citizen,No,White,2015-03-30,NA,N/A - still employed,Active,IT/IS,Database Administrator,31.4,Simon Roup,Employee Referral,90-day meets
"Foss, Jason",1192991000,MA,01460,1980-07-05,37,Male,Single,US Citizen,No,Black or African American,2011-04-15,NA,N/A - still employed,Active,IT/IS,IT Director,65,Jennifer Zamora,Professional Society,Exceptional
"Roup,Simon",1106026933,MA,02481,1973-04-05,44,Male,Single,US Citizen,No,White,2013-01-20,NA,N/A - still employed,Active,IT/IS,IT Manager - DB,62,Jennifer Zamora,Professional Society,Fully Meets
"Ruiz, Ricardo",1001175250,MA,01915,1964-01-04,54,Male,Divorced,US Citizen,No,Two or more races,2012-01-09,2015-11-04,hours,Voluntarily Terminated,IT/IS,IT Manager - DB,21,Jennifer Zamora,Diversity Job Fair,Fully Meets
"Monroe, Peter",1011022863,MA,02134,1986-10-05,31,Male,Married,Eligible NonCitizen,Yes,Hispanic,2012-02-15,NA,N/A - still employed,Active,IT/IS,IT Manager - Infra,63,Jennifer Zamora,Diversity Job Fair,Needs Improvement
"Dougall, Eric",1101023754,MA,01886,1970-07-09,47,Male,Single,US Citizen,No,White,2014-01-05,NA,N/A - still employed,Active,IT/IS,IT Manager - Support,64,Jennifer Zamora,Professional Society,Exceeds
"Clayton, Rick",1301052902,MA,02170,1985-09-05,32,Male,Single,US Citizen,No,White,2012-09-05,NA,N/A - still employed,Active,IT/IS,IT Support,28.99,Eric Dougall,Glassdoor,Fully Meets
"Galia, Lisa",1501072093,CT,06040,1968-07-06,49,Female,Single,US Citizen,No,White,2010-05-01,NA,N/A - still employed,Active,IT/IS,IT Support,31.4,Eric Dougall,Vendor Referral,Fully Meets
"Lindsay, Leonara",0602000312,CT,06070,1988-10-05,29,Female,Single,US Citizen,Yes,Two or more races,2011-01-21,NA,N/A - still employed,Active,IT/IS,IT Support,26,Eric Dougall,Diversity Job Fair,Exceeds
"Soto, Julia",1203032263,MA,02360,1973-03-12,44,Female,Married,US Citizen,No,Black or African American,2011-06-10,NA,N/A - still employed,Active,IT/IS,IT Support,27.49,Eric Dougall,Information Session,Fully Meets
"Bacong, Alejandro",1212052023,MA,01886,1988-01-07,30,Male,Divorced,US Citizen,No,White,2015-01-05,NA,N/A - still employed,Active,IT/IS,Network Engineer,45,Peter Monroe,Glassdoor,90-day meets
"Cisco, Anthony",1102024173,MA,02135,1989-11-24,28,Male,Married,US Citizen,Yes,White,2015-03-30,NA,N/A - still employed,Active,IT/IS,Network Engineer,42,Peter Monroe,Information Session,N/A- too early to review
"Dolan, Linda",1101023540,MA,02119,1988-07-18,29,Female,Married,US Citizen,No,White,2015-01-05,NA,N/A - still employed,Active,IT/IS,Network Engineer,37,Peter Monroe,Employee Referral,90-day meets
"Gonzalez, Maria",1988299991,MA,02472,1981-04-16,36,Female,Separated,US Citizen,Yes,White,2015-01-05,NA,N/A - still employed,Active,IT/IS,Network Engineer,39,Peter Monroe,Employee Referral,Fully Meets
"Merlos, Carlos",1012023013,MA,02138,1987-06-18,30,Male,Single,US Citizen,No,White,2015-03-30,NA,N/A - still employed,Active,IT/IS,Network Engineer,43,Peter Monroe,Vendor Referral,N/A- too early to review
"Morway, Tanya",1001956578,MA,02048,1979-04-04,38,Female,Married,US Citizen,No,White,2015-02-16,NA,N/A - still employed,Active,IT/IS,Network Engineer,27,Peter Monroe,Monster.com,Fully Meets
"Shepard, Anita",0906014183,MA,01773,1981-04-14,36,Female,Married,US Citizen,No,White,2014-09-30,NA,N/A - still employed,Active,IT/IS,Network Engineer,47,Peter Monroe,Vendor Referral,Fully Meets
"Tredinnick, Neville",1104025466,MA,01420,1988-05-05,29,Male,Married,US Citizen,No,White,2015-01-05,2015-05-12,medical issues,Voluntarily Terminated,IT/IS,Network Engineer,28,Peter Monroe,Monster.com,Fully Meets
"Turpin, Jumil",1411071506,MA,02343,1969-03-31,48,Male,Married,Eligible NonCitizen,No,White,2015-03-30,NA,N/A - still employed,Active,IT/IS,Network Engineer,49.1,Peter Monroe,Employee Referral,N/A- too early to review
"Ait Sidi, Karthikeyan",1307060199,MA,02148,1975-05-05,42,Male,Married,US Citizen,No,White,2015-03-30,2016-06-16,career change,Voluntarily Terminated,IT/IS,Sr. DBA,62,Simon Roup,Company Intranet - Partner,Fully Meets
"Carr, Claudia  N",1010022337,MA,01886,1986-06-06,31,Female,Single,US Citizen,No,Black or African American,2016-06-30,NA,N/A - Has not started yet,Future Start,IT/IS,Sr. DBA,61.3,Simon Roup,Vendor Referral,N/A- too early to review
"Favis, Donald",1412071562,CT,06033,1964-07-30,53,Male,Single,US Citizen,No,Black or African American,2014-02-17,2016-02-19,hours,Terminated for Cause,IT/IS,Sr. DBA,58.2,Simon Roup,Vendor Referral,Fully Meets
"Roehrich, Bianca",1111030266,MA,02703,1973-05-27,44,Female,Single,US Citizen,Yes,White,2015-01-05,2015-11-10,Another position,Voluntarily Terminated,IT/IS,Sr. DBA,58.5,Simon Roup,Vendor Referral,90-day meets
"Daniele, Ann",1411071312,CT,06033,1952-01-18,66,Female,Married,US Citizen,No,White,2014-11-10,NA,N/A - still employed,Leave of Absence,IT/IS,Sr. Network Engineer,54.1,Peter Monroe,Vendor Referral,Fully Meets
"Lajiri,  Jyoti",1108028108,MA,02169,1986-04-23,31,Male,Married,US Citizen,No,White,2014-11-10,NA,N/A - still employed,Leave of Absence,IT/IS,Sr. Network Engineer,56.2,Peter Monroe,Employee Referral,Fully Meets
"Semizoglou, Jeremiah",0904013591,MA,01545,1983-02-09,34,Male,Married,US Citizen,No,Asian,2016-06-30,NA,N/A - Has not started yet,Future Start,IT/IS,Sr. Network Engineer,53.8,Peter Monroe,On-campus Recruiting,N/A- too early to review
"South, Joe",1308060959,CT,06278,1965-09-09,52,Male,Single,US Citizen,No,White,2014-11-10,NA,N/A - still employed,Active,IT/IS,Sr. Network Engineer,53,Peter Monroe,Employee Referral,90-day meets
"Warfield, Sarah",1301052347,MA,02453,1978-05-02,39,Female,widowed,US Citizen,No,Asian,2015-03-30,NA,N/A - still employed,Active,IT/IS,Sr. Network Engineer,55.2,Peter Monroe,Employee Referral,N/A- too early to review
"Bramante, Elisa",1006020066,MA,02030,1983-03-19,34,Female,Single,US Citizen,No,Black or African American,2009-01-05,NA,N/A - still employed,Active,Production,Director of Operations,60,Janet King,Other,Exceeds
"Albert, Michael",1501072311,MA,02169,1968-10-10,49,Male,Divorced,US Citizen,No,White,2011-08-01,NA,N/A - still employed,Active,Production,Production Manager,54.5,Janet King,Employee Referral,Fully Meets
"Bozzi, Charles",1303054580,MA,01901,1970-03-10,47,Male,Single,US Citizen,No,Asian,2013-09-30,2014-08-07,retiring,Voluntarily Terminated,Production,Production Manager,50.5,Janet King,Billboard,Fully Meets
"Butler, Webster  L",1110029990,MA,02169,1983-08-09,34,Male,Single,US Citizen,No,White,2016-01-28,NA,N/A - still employed,Active,Production,Production Manager,55,Janet King,Pay Per Click - Google,Exceeds
"Dunn, Amy",1409070147,MA,01731,1973-11-28,44,Female,Single,US Citizen,No,White,2014-09-18,NA,N/A - still employed,Active,Production,Production Manager,51,Janet King,Search Engine - Google Bing Yahoo,Fully Meets
"Gray, Elijiah",1307060077,MA,01752,1981-07-11,36,Male,Divorced,US Citizen,No,White,2015-06-02,NA,N/A - still employed,Active,Production,Production Manager,54,Janet King,Employee Referral,Fully Meets
"Hogland, Jonathan",1001944783,MA,01890,1972-07-01,45,Male,Married,US Citizen,No,White,2011-01-10,2015-12-12,attendance,Terminated for Cause,Production,Production Manager,48.5,Janet King,Employee Referral,Fully Meets
"Immediato, Walter",1403065874,MA,02128,1976-11-15,41,Male,Married,US Citizen,No,Asian,2011-02-21,2012-09-24,unhappy,Voluntarily Terminated,Production,Production Manager,42,Janet King,Other,Needs Improvement
"Liebig, Ketsia",1103024679,MA,02110,1981-10-26,36,Female,Married,US Citizen,No,White,2013-09-30,NA,N/A - still employed,Active,Production,Production Manager,55,Janet King,Website Banner Ads,Exceeds
"Miller, Brannon",1107027351,MA,02045,1981-08-10,36,Male,Single,US Citizen,Yes,Hispanic,2012-08-16,NA,N/A - still employed,Active,Production,Production Manager,53,Janet King,Internet Search,Fully Meets
"Peterson, Ebonee",1402065355,MA,02030,1977-05-09,40,Female,Married,US Citizen,No,White,2010-10-25,2016-05-18,Another position,Voluntarily Terminated,Production,Production Manager,38.5,Janet King,Internet Search,Fully Meets
"Spirea, Kelley",1102024149,MA,02451,1975-09-30,42,Female,Married,US Citizen,No,White,2012-10-02,NA,N/A - still employed,Active,Production,Production Manager,52,Janet King,Vendor Referral,Fully Meets
"Stanley, David",1000974650,MA,01803,1975-12-17,42,Male,Divorced,US Citizen,No,White,2010-07-20,NA,N/A - still employed,Active,Production,Production Manager,53,Janet King,Monster.com,Needs Improvement
"Sullivan, Kissy",1405067298,MA,01776,1978-03-28,39,Female,Married,US Citizen,No,Black or African American,2009-01-08,NA,N/A - still employed,Active,Production,Production Manager,55,Janet King,Billboard,Fully Meets
"Wallace, Courtney  E",1410071026,MA,02478,1955-11-14,62,Female,Married,US Citizen,No,Black or African American,2011-09-26,2012-01-02,Another position,Voluntarily Terminated,Production,Production Manager,33.5,Janet King,Diversity Job Fair,Fully Meets
"Adinolfi, Wilson  K",1409070522,MA,01960,1983-07-10,34,Male,Single,US Citizen,No,White,2011-07-05,NA,N/A - still employed,Active,Production,Production Technician I,20,Michael Albert,MBTA ads,Exceeds
"Alagbe,Trina",1011022883,MA,01886,1988-09-27,29,Female,Married,US Citizen,No,White,2008-01-07,NA,N/A - still employed,Active,Production,Production Technician I,21,Elijiah Gray,Billboard,Fully Meets
"Anderson, Carol",1001417624,MA,02169,1989-09-08,28,Female,Divorced,US Citizen,No,White,2011-07-11,2011-09-06,return to school,Voluntarily Terminated,Production,Production Technician I,16,Webster Butler,Word of Mouth,N/A- too early to review
"Anderson, Linda",1304055947,MA,01844,1977-05-22,40,Female,Single,US Citizen,No,White,2012-01-09,NA,N/A - still employed,Active,Production,Production Technician I,23,Amy Dunn,MBTA ads,Exceptional
"Athwal, Sam",1301052124,MA,02199,1983-02-18,34,Male,widowed,US Citizen,No,White,2013-09-30,NA,N/A - still employed,Active,Production,Production Technician I,22,Ketsia Liebig,Employee Referral,N/A- too early to review
"Bachiochi, Linda",1212051409,MA,01902,1970-02-11,47,Female,Single,US Citizen,No,Two or more races,2009-07-06,NA,N/A - still employed,Leave of Absence,Production,Production Technician I,22,Brannon Miller,Diversity Job Fair,Fully Meets
"Baczenski, Rachael",1307060083,MA,01902,1974-01-12,44,Female,Married,US Citizen,Yes,Hispanic,2011-01-10,2011-01-12,Another position,Voluntarily Terminated,Production,Production Technician I,17,David Stanley,Diversity Job Fair,N/A- too early to review
"Barbara, Thomas",1312063507,MA,02062,1974-02-21,43,Male,Married,US Citizen,Yes,Asian,2012-04-02,2012-09-19,unhappy,Voluntarily Terminated,Production,Production Technician I,22,Kissy Sullivan,Diversity Job Fair,90-day meets
"Barone, Francesco  A",1101023679,MA,01810,1983-07-20,34,Male,Single,US Citizen,No,Two or more races,2012-02-20,NA,N/A - still employed,Active,Production,Production Technician I,16.76,Kelley Spirea,Social Networks - Facebook Twitter etc,Fully Meets
"Barton, Nader",1212051962,MA,02747,1977-07-15,40,Male,Divorced,US Citizen,No,White,2012-09-24,2013-04-06,Another position,Voluntarily Terminated,Production,Production Technician I,18,Michael Albert,On-line Web application,Fully Meets
"Beatrice, Courtney",1403066194,MA,01915,1970-10-27,47,Female,Single,Eligible NonCitizen,No,White,2011-04-04,NA,N/A - still employed,Active,Production,Production Technician I,22,Elijiah Gray,Search Engine - Google Bing Yahoo,Fully Meets
"Becker, Scott",1110029777,MA,02452,1979-04-06,38,Male,Single,US Citizen,No,Asian,2013-07-08,NA,N/A - still employed,Leave of Absence,Production,Production Technician I,17,Webster Butler,MBTA ads,Fully Meets
"Bernstein, Sean",1109029366,MA,02072,1970-12-22,47,Male,Single,US Citizen,Yes,White,2012-04-02,NA,N/A - still employed,Active,Production,Production Technician I,16,Amy Dunn,Word of Mouth,Fully Meets
"Biden, Lowan  M",1412071844,MA,02027,1958-12-27,59,Female,Divorced,US Citizen,No,Asian,2013-08-19,NA,N/A - still employed,Active,Production,Production Technician I,22,Ketsia Liebig,Billboard,Fully Meets
"Billis, Helen",1308060366,MA,02031,1989-09-01,28,Female,Married,US Citizen,No,White,2014-07-07,NA,N/A - still employed,Active,Production,Production Technician I,16,Brannon Miller,Professional Society,Exceeds
"Brill, Donna",1406068293,MA,01701,1990-08-24,27,Female,Married,US Citizen,No,White,2012-04-02,2013-06-15,Another position,Voluntarily Terminated,Production,Production Technician I,20,David Stanley,Search Engine - Google Bing Yahoo,Fully Meets
"Bugali, Josephine",1408069635,MA,02043,1969-10-30,48,Female,Separated,US Citizen,No,Black or African American,2013-11-11,NA,N/A - still employed,Leave of Absence,Production,Production Technician I,20,Kissy Sullivan,Diversity Job Fair,Fully Meets
"Carey, Michael",1311063114,MA,01701,1983-02-02,34,Male,widowed,US Citizen,No,Black or African American,2014-03-31,NA,N/A - still employed,Active,Production,Production Technician I,20,Kelley Spirea,MBTA ads,Fully Meets
"Chace, Beatrice",1208048062,MA,02763,1951-01-02,67,Female,Single,US Citizen,No,White,2014-09-29,NA,N/A - still employed,Active,Production,Production Technician I,16,Michael Albert,Search Engine - Google Bing Yahoo,Fully Meets
"Chan, Lin",1305057282,MA,02170,1979-02-12,38,Female,Single,US Citizen,No,White,2014-05-12,NA,N/A - still employed,Active,Production,Production Technician I,19.5,Elijiah Gray,Internet Search,Fully Meets
"Chang, Donovan  E",1111030129,MA,01845,1983-08-24,34,Male,Single,US Citizen,No,White,2013-07-08,NA,N/A - still employed,Active,Production,Production Technician I,22,Webster Butler,Newspager/Magazine,Fully Meets
"Chivukula, Enola",1101023394,MA,01775,1983-08-27,34,Female,Single,US Citizen,No,White,2011-06-27,2015-11-15,relocation out of area,Voluntarily Terminated,Production,Production Technician I,21,Amy Dunn,Other,90-day meets
"Cierpiszewski, Caroline",1012023295,MA,02044,1988-05-31,29,Female,Single,Non-Citizen,No,Black or African American,2011-10-03,NA,N/A - still employed,Active,Production,Production Technician I,22,Ketsia Liebig,Pay Per Click - Google,Fully Meets
"Clukey, Elijian",1407069280,MA,02134,1980-08-26,37,Male,Married,US Citizen,No,White,2016-07-06,NA,N/A - Has not started yet,Future Start,Production,Production Technician I,24.75,Brannon Miller,Employee Referral,Exceeds
"Cockel, James",1599991009,MA,02452,1977-09-08,40,Male,Single,US Citizen,No,White,2013-07-08,NA,N/A - still employed,Active,Production,Production Technician I,15,David Stanley,Employee Referral,Fully Meets
"Cole, Spencer",1001450968,MA,01880,1979-08-12,38,Male,Single,US Citizen,No,Black or African American,2011-07-11,2012-09-23,performance,Terminated for Cause,Production,Production Technician I,15,Kissy Sullivan,MBTA ads,Needs Improvement
"Cornett, Lisa",1403066069,MA,02189,1977-03-31,40,Female,Married,US Citizen,Yes,White,2015-01-05,NA,N/A - still employed,Active,Production,Production Technician I,15.75,Kelley Spirea,Billboard,90-day meets
"Crimmings,   Jean",1311063172,MA,01821,1987-04-10,30,Female,Single,US Citizen,No,White,2016-07-06,NA,N/A - Has not started yet,Future Start,Production,Production Technician I,19.75,Michael Albert,Newspager/Magazine,N/A- too early to review
"Darson, Jene'ya",1001109612,MA,02110,1978-11-05,39,Female,Married,US Citizen,No,White,2012-07-02,NA,N/A - still employed,Active,Production,Production Technician I,15,Elijiah Gray,Billboard,Fully Meets
"DeGweck,  James",1306058816,MA,01810,1977-10-31,40,Male,Married,US Citizen,No,White,2011-05-16,2015-06-08,unhappy,Voluntarily Terminated,Production,Production Technician I,23.5,Webster Butler,Billboard,Fully Meets
"Desimone, Carl",1501072124,MA,02061,1967-04-19,50,Male,Married,US Citizen,No,White,2014-07-07,NA,N/A - still employed,Active,Production,Production Technician I,20,Amy Dunn,Professional Society,PIP
"Dickinson, Geoff",0706006285,MA,02180,1982-11-15,35,Male,Single,US Citizen,No,White,2014-05-12,NA,N/A - still employed,Active,Production,Production Technician I,21,Ketsia Liebig,Pay Per Click - Google,Fully Meets
"DiNocco, Lily",1209048696,MA,02351,1978-12-02,39,Female,Married,US Citizen,No,Black or African American,2013-01-07,NA,N/A - still employed,Active,Production,Production Technician I,22,Brannon Miller,Pay Per Click - Google,Needs Improvement
"Dobrin, Denisa  S",1202031618,MA,02125,1986-10-07,31,Female,Single,US Citizen,Yes,White,2012-04-02,NA,N/A - still employed,Active,Production,Production Technician I,16.75,David Stanley,Monster.com,Fully Meets
"Eaton, Marianne",1406067865,MA,02343,1991-09-05,26,Female,Married,US Citizen,No,White,2011-04-04,2013-06-06,military,Voluntarily Terminated,Production,Production Technician I,17,Kissy Sullivan,Search Engine - Google Bing Yahoo,Fully Meets
"Engdahl, Jean",1007020403,MA,02026,1974-05-31,43,Male,Single,US Citizen,No,White,2014-11-10,NA,N/A - still employed,Active,Production,Production Technician I,21.25,Kelley Spirea,MBTA ads,Fully Meets
"England, Rex",1101023612,MA,02045,1978-08-25,39,Male,Married,US Citizen,No,White,2014-03-31,NA,N/A - still employed,Active,Production,Production Technician I,21,Kelley Spirea,Employee Referral,90-day meets
"Estremera, Miguel",1104025243,MA,02129,1983-09-02,34,Male,Single,US Citizen,No,White,2012-04-02,2014-09-27,attendance,Terminated for Cause,Production,Production Technician I,17,Michael Albert,Word of Mouth,Needs Improvement
"Evensen, April",1107027392,MA,02458,1989-05-06,28,Female,Single,US Citizen,No,White,2014-02-17,2014-02-25,"no-call, no-show",Terminated for Cause,Production,Production Technician I,18,Elijiah Gray,Word of Mouth,N/A- too early to review
"Ferguson, Susan",1502072511,MA,02176,1955-04-14,62,Female,Married,US Citizen,No,White,2011-11-07,2014-05-17,military,Voluntarily Terminated,Production,Production Technician I,20,Webster Butler,Search Engine - Google Bing Yahoo,Fully Meets
"Fernandes, Nilson",1302053339,MA,02132,1989-10-18,28,Male,Married,US Citizen,No,White,2015-05-11,NA,N/A - still employed,Active,Production,Production Technician I,18,Amy Dunn,Professional Society,N/A- too early to review
"Ferreira, Violeta",0803009012,MA,02176,1986-06-10,31,Female,Single,US Citizen,No,White,2012-02-20,NA,N/A - still employed,Active,Production,Production Technician I,23,Ketsia Liebig,Newspager/Magazine,Fully Meets
"Fidelia,  Libby",1006020020,MA,02155,1981-03-16,36,Female,Married,US Citizen,No,White,2012-01-09,NA,N/A - still employed,Active,Production,Production Technician I,24,Brannon Miller,Social Networks - Facebook Twitter etc,Fully Meets
"Garcia, Raul",1309061015,MA,01905,1985-09-15,32,Male,Single,US Citizen,Yes,White,2015-03-30,NA,N/A - still employed,Active,Production,Production Technician I,19,David Stanley,Employee Referral,N/A- too early to review
"Garneau, Hamish",1104025414,MA,01550,1980-04-18,37,Male,Single,US Citizen,No,Asian,2013-07-08,NA,N/A - still employed,Active,Production,Production Technician I,18,Kissy Sullivan,Professional Society,Fully Meets
"Gaul, Barbara",1105026041,MA,02121,1983-12-02,34,Female,widowed,US Citizen,Yes,Black or African American,2011-05-16,NA,N/A - still employed,Active,Production,Production Technician I,24,Kelley Spirea,MBTA ads,Fully Meets
"Gentry, Mildred",1501072192,MA,02145,1990-10-01,27,Female,Married,US Citizen,No,Black or African American,2015-03-30,NA,N/A - still employed,Active,Production,Production Technician I,19,Michael Albert,Professional Society,N/A- too early to review
"Gerke, Melisa",1308060622,MA,02330,1970-05-15,47,Female,Divorced,US Citizen,No,White,2011-11-07,2011-11-15,hours,Voluntarily Terminated,Production,Production Technician I,22,Elijiah Gray,Diversity Job Fair,N/A- too early to review
"Gilles, Alex",1008020960,MA,02062,1974-08-09,43,Male,Married,US Citizen,No,Black or African American,2012-04-02,2015-06-25,military,Voluntarily Terminated,Production,Production Technician I,15,Webster Butler,Diversity Job Fair,Needs Improvement
"Girifalco, Evelyn",1204032927,MA,02451,1980-05-08,37,Female,Single,US Citizen,Yes,Two or more races,2014-09-29,NA,N/A - still employed,Active,Production,Production Technician I,16,Amy Dunn,Professional Society,Exceeds
"Gold, Shenice",1408069539,MA,02451,1992-06-18,25,Female,Single,US Citizen,Yes,White,2013-11-11,NA,N/A - still employed,Active,Production,Production Technician I,17,Ketsia Liebig,Glassdoor,Fully Meets
"Gonzalez, Cayo",1411071212,MA,02108,1969-09-29,48,Male,Divorced,US Citizen,No,American Indian or Alaska Native,2011-07-11,NA,N/A - still employed,Active,Production,Production Technician I,16,Brannon Miller,Diversity Job Fair,Exceeds
"Gordon, David",1106026579,MA,02169,1979-05-21,38,Male,Married,US Citizen,No,White,2012-07-02,NA,N/A - still employed,Active,Production,Production Technician I,15,David Stanley,MBTA ads,Fully Meets
"Goyal, Roxana",1312063675,MA,01864,1974-10-09,43,Female,Married,US Citizen,No,Asian,2013-08-19,NA,N/A - still employed,Leave of Absence,Production,Production Technician I,24,Kissy Sullivan,On-campus Recruiting,Fully Meets
"Gross, Paula",1103024859,MA,02176,1983-05-21,34,Female,Divorced,US Citizen,No,White,2011-02-21,2014-01-11,more money,Voluntarily Terminated,Production,Production Technician I,14,Kelley Spirea,Monster.com,Fully Meets
"Handschiegl, Joanne",1405067064,MA,02127,1977-03-23,40,Female,Married,US Citizen,No,White,2011-11-28,NA,N/A - still employed,Active,Production,Production Technician I,24,Michael Albert,Word of Mouth,Fully Meets
"Harrell, Ludwick",1406068241,MA,01776,1982-09-02,35,Male,Married,US Citizen,No,Asian,2012-05-14,NA,N/A - still employed,Active,Production,Production Technician I,21,Elijiah Gray,Search Engine - Google Bing Yahoo,Fully Meets
"Harrington, Christie",1110029602,MA,02324,1952-08-18,65,Female,Single,US Citizen,No,White,2012-01-09,2015-12-15,retiring,Voluntarily Terminated,Production,Production Technician I,19.75,Webster Butler,Monster.com,Fully Meets
"Harrison, Kara",1404066622,MA,01886,1974-05-02,43,Female,Married,US Citizen,No,White,2014-05-12,NA,N/A - still employed,Active,Production,Production Technician I,20,Amy Dunn,Monster.com,Exceeds
"Heitzman, Anthony",1002017900,MA,02149,1984-01-04,34,Male,Single,US Citizen,No,White,2012-08-13,NA,N/A - still employed,Active,Production,Production Technician I,19,Ketsia Liebig,Social Networks - Facebook Twitter etc,90-day meets
"Ivey, Rose",1408069882,MA,01775,1991-01-28,27,Female,Single,US Citizen,No,White,2013-08-19,NA,N/A - still employed,Active,Production,Production Technician I,16,Brannon Miller,Professional Society,Fully Meets
"Jackson, Maryellen",1201031438,MA,02081,1972-09-11,45,Female,Separated,US Citizen,No,White,2012-11-05,NA,N/A - still employed,Active,Production,Production Technician I,20,David Stanley,Newspager/Magazine,Fully Meets
"Jacobi, Hannah",1503072857,MA,01778,1966-03-22,51,Female,Divorced,US Citizen,No,White,2013-09-30,NA,N/A - still employed,Active,Production,Production Technician I,21,Kissy Sullivan,Employee Referral,Fully Meets
"Jhaveri, Sneha",1412071713,MA,02109,1964-04-13,53,Female,Separated,US Citizen,No,White,2014-01-06,NA,N/A - still employed,Active,Production,Production Technician I,19,Kelley Spirea,On-campus Recruiting,Fully Meets
"Johnson, George",1105025721,MA,02445,1959-08-19,58,Male,Married,US Citizen,No,White,2011-11-07,2016-04-29,more money,Voluntarily Terminated,Production,Production Technician I,17,Michael Albert,Monster.com,Exceeds
"Jung, Judy",1107027450,MA,02446,1986-04-17,31,Female,Married,US Citizen,No,White,2011-01-10,2016-04-01,unhappy,Voluntarily Terminated,Production,Production Technician I,21,Elijiah Gray,Monster.com,90-day meets
"Keatts, Kramer",1301052462,MA,01887,1976-01-19,42,Male,Single,US Citizen,No,White,2013-09-30,NA,N/A - still employed,Active,Production,Production Technician I,19,Michael Albert,Billboard,Fully Meets
"Kinsella, Kathleen",0710007401,MA,02170,1973-12-08,44,Female,Married,US Citizen,No,White,2011-09-26,2015-06-04,more money,Voluntarily Terminated,Production,Production Technician I,22,Webster Butler,Search Engine - Google Bing Yahoo,90-day meets
"Kirill, Alexandra",0903013071,MA,02127,1970-10-08,47,Female,Married,US Citizen,No,White,2011-09-26,2012-01-09,more money,Voluntarily Terminated,Production,Production Technician I,24,Amy Dunn,Search Engine - Google Bing Yahoo,Fully Meets
"Knapp, Bradley  J",1304055683,MA,01721,1977-11-10,40,Male,Single,US Citizen,No,Black or African American,2014-02-17,NA,N/A - still employed,Active,Production,Production Technician I,14,Ketsia Liebig,On-campus Recruiting,Fully Meets
"Kretschmer, John",1311062610,MA,01801,1980-02-02,37,Male,Married,US Citizen,No,Asian,2011-01-10,NA,N/A - still employed,Active,Production,Production Technician I,21,Brannon Miller,Pay Per Click - Google,Fully Meets
"Langton, Enrico",1304055987,MA,02048,1986-12-09,31,Male,Married,US Citizen,No,White,2012-07-09,NA,N/A - still employed,Active,Production,Production Technician I,17,David Stanley,Newspager/Magazine,Fully Meets
"Leach, Dallas",1408069409,MA,01810,1979-01-17,39,Female,Single,US Citizen,No,Asian,2011-09-26,2013-08-19,return to school,Voluntarily Terminated,Production,Production Technician I,19,Kissy Sullivan,Monster.com,Fully Meets
"LeBel, Jonathan  R",1107027575,MA,02050,1981-10-18,36,Male,Single,US Citizen,No,White,2011-02-21,2011-08-04,attendance,Terminated for Cause,Production,Production Technician I,15,Kelley Spirea,Social Networks - Facebook Twitter etc,90-day meets
"Linares, Marilyn",1206042315,MA,01886,1981-03-26,36,Female,Married,US Citizen,No,White,2011-07-05,2011-09-26,unhappy,Voluntarily Terminated,Production,Production Technician I,15.25,Michael Albert,Internet Search,N/A- too early to review
"Lydon, Allison",1101023353,MA,02122,1975-10-22,42,Female,Married,US Citizen,No,Black or African American,2015-02-16,NA,N/A - still employed,Leave of Absence,Production,Production Technician I,20,Elijiah Gray,Website Banner Ads,90-day meets
"Lynch, Lindsay",1001138521,MA,01844,1973-02-14,44,Female,Single,US Citizen,Yes,Two or more races,2011-11-07,2015-11-14,Another position,Voluntarily Terminated,Production,Production Technician I,19,Webster Butler,Diversity Job Fair,Exceeds
"MacLennan, Samuel",1201031032,MA,01938,1972-11-09,45,Male,widowed,US Citizen,No,White,2012-09-24,2012-09-26,hours,Voluntarily Terminated,Production,Production Technician I,15,Amy Dunn,Pay Per Click,N/A- too early to review
"Mahoney, Lauren",1209049259,MA,02189,1986-07-07,31,Female,Single,US Citizen,No,White,2014-01-06,NA,N/A - still employed,Active,Production,Production Technician I,17,Ketsia Liebig,Newspager/Magazine,Fully Meets
"Mangal, Debbie",1308060754,MA,02451,1974-11-07,43,Female,Married,US Citizen,No,White,2013-11-11,NA,N/A - still employed,Active,Production,Production Technician I,23,Brannon Miller,On-campus Recruiting,Fully Meets
"Maurice, Shana",1401064327,MA,02330,1977-11-22,40,Female,Married,US Citizen,No,White,2011-05-31,NA,N/A - still employed,Active,Production,Production Technician I,20,David Stanley,Other,90-day meets
"Mckenna, Sandy",0909015167,MA,02184,1987-01-07,31,Female,Married,US Citizen,No,Black or African American,2013-01-07,NA,N/A - still employed,Active,Production,Production Technician I,24,Kissy Sullivan,Monster.com,Fully Meets
"Meads, Elizabeth",1409070245,MA,01760,1968-05-30,49,Female,Single,US Citizen,No,Black or African American,2012-04-02,2015-11-11,Another position,Voluntarily Terminated,Production,Production Technician I,14,Kelley Spirea,Diversity Job Fair,Fully Meets
"Medeiros, Jennifer",1109029256,MA,02346,1976-09-22,41,Female,Single,US Citizen,No,White,2015-03-30,NA,N/A - still employed,Active,Production,Production Technician I,20,Michael Albert,Monster.com,N/A- too early to review
"Motlagh,  Dawn",1102024121,MA,02453,1984-07-07,33,Female,Divorced,US Citizen,No,White,2013-04-01,NA,N/A - still employed,Active,Production,Production Technician I,15,Elijiah Gray,MBTA ads,Fully Meets
"Ndzi, Colombui",1204033041,MA,02110,1989-05-02,28,Male,Single,US Citizen,No,Black or African American,2011-09-26,2014-04-04,return to school,Voluntarily Terminated,Production,Production Technician I,18,Webster Butler,Diversity Job Fair,Fully Meets
"Ndzi, Horia",1204033041,MA,02421,1983-03-28,34,Male,Married,US Citizen,No,White,2013-04-01,2016-05-25,more money,Voluntarily Terminated,Production,Production Technician I,22,Amy Dunn,Employee Referral,Fully Meets
"Newman, Richard",1302053044,MA,02136,1977-04-08,40,Male,Married,US Citizen,No,White,2014-05-12,NA,N/A - still employed,Leave of Absence,Production,Production Technician I,21,Ketsia Liebig,On-campus Recruiting,Fully Meets
"Ngodup, Shari",1403066020,MA,01810,1967-06-03,50,Female,Separated,US Citizen,No,Asian,2013-04-01,NA,N/A - still employed,Active,Production,Production Technician I,15,Brannon Miller,Diversity Job Fair,Exceeds
"Nguyen, Lei-Ming",1203032357,MA,02132,1984-07-07,33,Female,Single,US Citizen,No,White,2013-07-08,NA,N/A - still employed,Active,Production,Production Technician I,19,David Stanley,Vendor Referral,Fully Meets
"O'hare, Lynn",1206044851,MA,02152,1980-09-30,37,Female,widowed,US Citizen,No,Two or more races,2014-03-31,2016-05-01,performance,Terminated for Cause,Production,Production Technician I,18.5,Kissy Sullivan,Professional Society,PIP
"Osturnka, Adeel",1404066949,MA,02478,1976-12-11,41,Male,Married,US Citizen,No,White,2013-09-30,NA,N/A - still employed,Active,Production,Production Technician I,16,Kelley Spirea,On-campus Recruiting,Exceeds
"Owad, Clinton",1103024335,MA,01760,1979-11-24,38,Male,Single,US Citizen,No,Black or African American,2014-02-17,NA,N/A - still employed,Active,Production,Production Technician I,22,Michael Albert,MBTA ads,Needs Improvement
"Panjwani, Nina",1109029531,MA,02351,1979-05-01,38,Female,Married,US Citizen,No,White,2011-02-07,2014-01-12,Another position,Voluntarily Terminated,Production,Production Technician I,18,Elijiah Gray,Social Networks - Facebook Twitter etc,Fully Meets
"Pelech, Emil",1307060058,MA,02458,1988-03-17,29,Male,Single,US Citizen,No,Black or African American,2011-01-10,2012-12-28,career change,Voluntarily Terminated,Production,Production Technician I,24,Webster Butler,Search Engine - Google Bing Yahoo,Needs Improvement
"Perry, Shakira",1109029186,MA,02176,1986-07-20,31,Female,Single,US Citizen,No,White,2011-05-16,2015-10-25,medical issues,Voluntarily Terminated,Production,Production Technician I,22,Amy Dunn,MBTA ads,Fully Meets
"Peterson, Kayla",1307059944,MA,01749,1973-09-23,44,Female,Married,US Citizen,No,White,2010-04-26,NA,N/A - still employed,Active,Production,Production Technician I,17,Ketsia Liebig,Search Engine - Google Bing Yahoo,Fully Meets
"Pham, Hong",1305057440,MA,02451,1988-03-06,29,Male,Married,US Citizen,No,White,2011-07-05,2012-11-30,more money,Voluntarily Terminated,Production,Production Technician I,18,Brannon Miller,Search Engine - Google Bing Yahoo,Fully Meets
"Pitt, Brad",1001735072,MA,02451,1981-11-23,36,Male,Single,US Citizen,No,Black or African American,2007-11-05,NA,N/A - still employed,Active,Production,Production Technician I,17,David Stanley,Search Engine - Google Bing Yahoo,Fully Meets
"Power, Morissa",1102024274,MA,01742,1984-10-15,33,Female,Divorced,Eligible NonCitizen,No,Asian,2011-05-16,2011-06-04,Another position,Voluntarily Terminated,Production,Production Technician I,19,Kissy Sullivan,Social Networks - Facebook Twitter etc,N/A- too early to review
"Punjabhi, Louis",1401064562,MA,02109,1961-06-19,56,Male,Single,US Citizen,No,White,2014-01-06,NA,N/A - still employed,Active,Production,Production Technician I,16,Kelley Spirea,Employee Referral,Fully Meets
"Purinton, Janine",1011022926,MA,02474,1970-09-22,47,Female,Divorced,US Citizen,No,White,2012-09-24,2013-06-18,unhappy,Voluntarily Terminated,Production,Production Technician I,16,Kissy Sullivan,Billboard,Fully Meets
"Rarrick, Quinn",1208048229,MA,02478,1984-12-31,33,Male,Divorced,US Citizen,No,White,2011-09-26,2012-04-07,more money,Voluntarily Terminated,Production,Production Technician I,21,Michael Albert,Pay Per Click - Google,Fully Meets
"Rhoads, Thomas",1211050793,MA,02176,1982-07-22,35,Male,Divorced,US Citizen,Yes,White,2011-05-16,2016-01-15,retiring,Voluntarily Terminated,Production,Production Technician I,20,Elijiah Gray,Professional Society,Fully Meets
"Rivera, Haley",1405067642,MA,02171,1973-01-12,45,Female,Married,US Citizen,No,Asian,2011-11-28,NA,N/A - still employed,Active,Production,Production Technician I,22,Webster Butler,Search Engine - Google Bing Yahoo,Exceeds
"Robinson, Alain",1206038000,MA,01420,1974-01-07,44,Male,Married,US Citizen,No,Black or African American,2011-01-10,2016-01-26,attendance,Voluntarily Terminated,Production,Production Technician I,24,Amy Dunn,Glassdoor,Fully Meets
"Robinson, Cherly",1403065625,MA,01460,1985-01-07,33,Female,Married,US Citizen,No,White,2011-01-10,2016-05-17,attendance,Terminated for Cause,Production,Production Technician I,16,Ketsia Liebig,Glassdoor,Needs Improvement
"Robinson, Elias",1011022887,MA,01730,1985-01-28,33,Male,widowed,US Citizen,No,White,2013-07-08,NA,N/A - still employed,Active,Production,Production Technician I,17,Brannon Miller,Employee Referral,Exceptional
"Rose, Ashley",0710007555,MA,01886,1974-12-05,43,Female,Separated,US Citizen,No,White,2014-01-06,NA,N/A - still employed,Active,Production,Production Technician I,17,David Stanley,Website Banner Ads,Fully Meets
"Rossetti, Bruno",1405067492,MA,02155,1987-03-18,30,Male,Single,US Citizen,No,White,2011-04-04,2012-08-13,Another position,Voluntarily Terminated,Production,Production Technician I,18,Kissy Sullivan,Search Engine - Google Bing Yahoo,Fully Meets
"Saar-Beckles, Melinda",1410070998,MA,01801,1968-06-06,49,Female,Single,US Citizen,No,Black or African American,2016-07-04,NA,N/A - Has not started yet,Future Start,Production,Production Technician I,20,Kelley Spirea,Diversity Job Fair,N/A- too early to review
"Sadki, Nore",1308060535,MA,02148,1974-12-21,43,Male,Single,US Citizen,No,White,2009-01-05,2010-07-30,relocation out of area,Voluntarily Terminated,Production,Production Technician I,21,Michael Albert,Word of Mouth,Fully Meets
"Sander, Kamrin",1302053362,MA,02154,1988-07-10,29,Female,Married,US Citizen,No,Black or African American,2014-09-29,NA,N/A - still employed,Active,Production,Production Technician I,21,Elijiah Gray,On-campus Recruiting,Fully Meets
"Sewkumar, Nori",0807010161,MA,02191,1975-03-10,42,Female,Single,US Citizen,No,Asian,2013-09-30,NA,N/A - still employed,Leave of Absence,Production,Production Technician I,15.2,Webster Butler,Search Engine - Google Bing Yahoo,Fully Meets
"Shields, Seffi",1205033102,MA,02149,1985-08-24,32,Female,Married,US Citizen,No,White,2013-08-19,NA,N/A - still employed,Active,Production,Production Technician I,15,Amy Dunn,Newspager/Magazine,Fully Meets
"Smith, Sade",1501071909,MA,02130,1965-02-02,53,Female,Single,US Citizen,No,White,2013-11-11,NA,N/A - still employed,Active,Production,Production Technician I,24.5,Ketsia Liebig,Employee Referral,Fully Meets
"Sparks, Taylor",1410071137,MA,02093,1968-07-20,49,Female,Married,US Citizen,No,White,2012-02-20,NA,N/A - still employed,Active,Production,Production Technician I,16,Brannon Miller,Billboard,PIP
"Squatrito, Kristen",1405067138,MA,02359,1973-03-26,44,Female,Divorced,US Citizen,No,White,2013-05-13,2015-06-29,unhappy,Voluntarily Terminated,Production,Production Technician I,21,David Stanley,MBTA ads,Exceeds
"Stanford,Barbara  M",1111030244,MA,02050,1982-08-25,35,Female,Divorced,US Citizen,No,Two or more races,2011-01-10,NA,N/A - still employed,Active,Production,Production Technician I,14,Kissy Sullivan,Word of Mouth,Fully Meets
"Stoica, Rick",1106026896,MA,02301,1985-03-14,32,Male,Married,US Citizen,No,Asian,2014-02-17,NA,N/A - still employed,Active,Production,Production Technician I,22,Kelley Spirea,On-campus Recruiting,Fully Meets
"Sullivan, Timothy",1201031310,MA,02747,1982-10-07,35,Male,Married,US Citizen,Yes,White,2015-01-05,NA,N/A - still employed,Active,Production,Production Technician I,19,Michael Albert,Word of Mouth,90-day meets
"Sutwell, Barbara",1407069061,MA,02718,1968-08-15,49,Female,Single,Eligible NonCitizen,No,Asian,2012-05-14,NA,N/A - still employed,Active,Production,Production Technician I,14,Elijiah Gray,Glassdoor,Fully Meets
"Tavares, Desiree",1405067501,MA,01801,1975-04-03,42,Female,Married,Non-Citizen,No,Two or more races,2009-04-27,2013-04-01,Another position,Voluntarily Terminated,Production,Production Technician I,15,Webster Butler,Diversity Job Fair,Fully Meets
"Theamstern, Sophia",1404066739,MA,02066,1965-05-09,52,Female,Single,US Citizen,No,White,2011-07-05,2011-09-05,return to school,Voluntarily Terminated,Production,Production Technician I,20,Amy Dunn,Billboard,N/A- too early to review
"Tinto, Theresa",1103024504,MA,01876,1983-07-30,34,Female,Divorced,US Citizen,No,White,2011-01-10,2011-05-14,Another position,Voluntarily Terminated,Production,Production Technician I,20,Ketsia Liebig,Social Networks - Facebook Twitter etc,90-day meets
"Tippett, Jeanette",1409070255,MA,02093,1967-06-05,50,Female,Divorced,US Citizen,No,Black or African American,2013-02-18,NA,N/A - still employed,Active,Production,Production Technician I,24,Brannon Miller,Billboard,Fully Meets
"Trang, Mei",1012023152,MA,02021,1983-05-16,34,Female,Single,US Citizen,No,White,2014-02-17,NA,N/A - still employed,Active,Production,Production Technician I,22,David Stanley,Professional Society,N/A- too early to review
"Veera, Abdellah",1203032235,MA,02171,1987-01-31,30,Male,Divorced,US Citizen,No,White,2012-08-13,2016-02-05,maternity leave - did not return,Voluntarily Terminated,Production,Production Technician I,19,Kissy Sullivan,Information Session,Exceeds
"Volk, Colleen",1011022814,MA,02747,1986-06-03,31,Female,Married,US Citizen,No,White,2011-09-26,2016-02-08,gross misconduct,Terminated for Cause,Production,Production Technician I,21,Kelley Spirea,Social Networks - Facebook Twitter etc,Exceeds
"Von Massenbach, Anna",1106026474,MA,02124,1985-04-06,32,Female,Single,US Citizen,No,White,2015-07-05,NA,N/A - Has not started yet,Future Start,Production,Production Technician I,20,Michael Albert,Newspager/Magazine,N/A- too early to review
"Wallace, Theresa",1101023619,MA,01887,1980-08-02,37,Female,Single,US Citizen,No,White,2012-08-13,2015-09-01,career change,Voluntarily Terminated,Production,Production Technician I,15,Elijiah Gray,Monster.com,Needs Improvement
"Whittier, Scott",1307060212,MA,02030,1987-05-24,30,Male,Single,US Citizen,Yes,White,2011-01-10,2011-05-15,hours,Voluntarily Terminated,Production,Production Technician I,23,Webster Butler,Newspager/Magazine,90-day meets
"Wilber, Barry",1101023839,MA,02324,1965-09-09,52,Male,Married,Eligible NonCitizen,No,White,2011-05-16,2015-09-07,unhappy,Voluntarily Terminated,Production,Production Technician I,21,Amy Dunn,Website Banner Ads,Fully Meets
"Williams, Jacquelyn",1308060671,MA,02109,1969-10-02,48,Female,Single,US Citizen,Yes,Two or more races,2012-01-09,2015-06-27,relocation out of area,Voluntarily Terminated,Production,Production Technician I,16,Ketsia Liebig,Diversity Job Fair,Fully Meets
"Ybarra, Catherine",1001268402,MA,02458,1982-05-04,35,Female,Single,US Citizen,No,Asian,2008-09-02,2015-09-29,Another position,Voluntarily Terminated,Production,Production Technician I,22,Brannon Miller,Search Engine - Google Bing Yahoo,PIP
"Zima, Colleen",1211051232,MA,01730,1978-08-17,39,Female,widowed,US Citizen,No,Asian,2014-09-29,NA,N/A - still employed,Active,Production,Production Technician I,15,David Stanley,On-campus Recruiting,Fully Meets
"Akinkuolie, Sarah",1005019209,MA,01810,1988-09-19,29,Female,Married,US Citizen,No,White,2011-07-05,2012-09-24,hours,Voluntarily Terminated,Production,Production Technician II,29,Kissy Sullivan,Newspager/Magazine,90-day meets
"Beak, Kimberly",1303054329,MA,02145,1966-04-17,51,Female,Married,US Citizen,No,White,2016-07-21,NA,N/A - Has not started yet,Future Start,Production,Production Technician II,27,Kelley Spirea,Employee Referral,Exceeds
"Blount, Dianna",1403066125,MA,02171,1990-09-21,27,Female,Single,US Citizen,No,White,2011-04-04,NA,N/A - still employed,Active,Production,Production Technician II,27,Michael Albert,Monster.com,Needs Improvement
"Bondwell, Betsy",1008021030,MA,02210,1967-01-16,51,Female,Single,US Citizen,No,White,2011-01-10,2014-04-04,career change,Voluntarily Terminated,Production,Production Technician II,26,Elijiah Gray,Search Engine - Google Bing Yahoo,90-day meets
"Buccheri, Joseph",1101023457,MA,01013,1983-07-28,34,Male,Single,US Citizen,No,White,2014-09-29,NA,N/A - still employed,Active,Production,Production Technician II,22,Webster Butler,Word of Mouth,Fully Meets
"Burke, Joelle",1011022820,MA,02148,1980-03-02,37,Female,Single,US Citizen,No,Black or African American,2012-03-05,NA,N/A - still employed,Active,Production,Production Technician II,25,Amy Dunn,Employee Referral,Fully Meets
"Burkett, Benjamin",1301052449,MA,01890,1977-08-19,40,Male,Married,US Citizen,No,White,2011-04-04,NA,N/A - still employed,Active,Production,Production Technician II,26,Ketsia Liebig,Careerbuilder,Fully Meets
"Cloninger, Jennifer",1012023226,MA,01752,1981-08-31,36,Female,Married,US Citizen,No,White,2011-05-16,2013-01-07,unhappy,Voluntarily Terminated,Production,Production Technician II,25,Brannon Miller,Word of Mouth,90-day meets
"Close, Phil",1209048697,MA,02169,1978-11-25,39,Male,Married,US Citizen,No,White,2010-08-30,2011-09-26,career change,Voluntarily Terminated,Production,Production Technician II,26,David Stanley,Other,Fully Meets
"Davis, Daniel",1201031274,MA,02458,1979-09-14,38,Male,Single,Eligible NonCitizen,No,Two or more races,2011-11-07,NA,N/A - still employed,Active,Production,Production Technician II,25,Kissy Sullivan,Newspager/Magazine,90-day meets
"Demita, Carla",1104025179,MA,02343,1951-02-25,66,Female,Separated,US Citizen,No,Black or African American,2011-04-04,2015-11-04,more money,Voluntarily Terminated,Production,Production Technician II,29,Kelley Spirea,Search Engine - Google Bing Yahoo,Fully Meets
"Erilus, Angela",1105025661,MA,02133,1989-08-25,28,Female,Separated,US Citizen,No,White,2014-07-07,NA,N/A - still employed,Active,Production,Production Technician II,24,Michael Albert,Pay Per Click - Google,PIP
"Faller, Megan",1108028428,MA,01824,1978-09-22,39,Female,Married,US Citizen,No,Black or African American,2014-07-07,NA,N/A - still employed,Active,Production,Production Technician II,27,Elijiah Gray,Professional Society,Fully Meets
"Fancett, Nicole",1402065085,MA,02324,1987-09-27,30,Female,Single,US Citizen,No,Black or African American,2014-02-17,NA,N/A - still employed,Active,Production,Production Technician II,24,Webster Butler,Newspager/Magazine,Fully Meets
"Fitzpatrick, Michael  J",1109029103,MA,02143,1981-10-01,36,Male,Single,US Citizen,Yes,White,2011-05-16,2013-06-24,hours,Voluntarily Terminated,Production,Production Technician II,29,Amy Dunn,Social Networks - Facebook Twitter etc,Fully Meets
"Foreman, Tanya",1012023204,MA,02170,1983-11-08,34,Female,Married,US Citizen,No,White,2011-04-04,2012-01-09,career change,Voluntarily Terminated,Production,Production Technician II,24,Ketsia Liebig,Word of Mouth,Fully Meets
"Gonzalez, Juan",1411071324,MA,02128,1964-10-12,53,Male,Married,US Citizen,No,Black or African American,2010-04-26,2011-05-30,career change,Voluntarily Terminated,Production,Production Technician II,29,Brannon Miller,Diversity Job Fair,PIP
"Good, Susan",1001549006,MA,01886,1986-05-25,31,Female,Married,US Citizen,No,White,2014-05-12,NA,N/A - still employed,Leave of Absence,Production,Production Technician II,24.25,David Stanley,Professional Society,Fully Meets
"Gosciminski, Phylicia",1108028351,MA,01824,1983-12-08,34,Female,Separated,US Citizen,No,American Indian or Alaska Native,2013-09-30,NA,N/A - still employed,Leave of Absence,Production,Production Technician II,27,Kissy Sullivan,Word of Mouth,Fully Meets
"Hankard, Earnest",1307059937,MA,02155,1988-08-10,29,Male,Single,US Citizen,Yes,White,2013-11-11,NA,N/A - still employed,Active,Production,Production Technician II,24,Kelley Spirea,Newspager/Magazine,Fully Meets
"Hendrickson, Trina",1011022932,MA,02021,1972-08-27,45,Female,Single,US Citizen,No,White,2011-01-10,2013-02-18,hours,Voluntarily Terminated,Production,Production Technician II,24,Kelley Spirea,Monster.com,Fully Meets
"Homberger, Adrienne  J",1207046956,MA,02445,1984-02-16,33,Female,Married,Non-Citizen,No,White,2011-08-15,2012-04-07,relocation out of area,Voluntarily Terminated,Production,Production Technician II,28,Michael Albert,Glassdoor,Fully Meets
"Hunts, Julissa",1106026433,MA,02021,1984-03-11,33,Female,Single,US Citizen,No,White,2016-06-06,NA,N/A - Has not started yet,Future Start,Production,Production Technician II,25,Elijiah Gray,Vendor Referral,N/A- too early to review
"Hutter, Rosalie",1103024924,MA,02351,1992-05-07,25,Female,Separated,US Citizen,No,White,2015-06-05,NA,N/A - Has not started yet,Future Start,Production,Production Technician II,28,Webster Butler,Other,N/A- too early to review
"Huynh, Ming",1306058509,MA,01742,1976-09-22,41,Female,Divorced,US Citizen,No,White,2011-02-21,2013-04-01,unhappy,Voluntarily Terminated,Production,Production Technician II,23,Amy Dunn,Search Engine - Google Bing Yahoo,Fully Meets
"Jeannite, Tayana",1008020942,MA,01821,1986-11-06,31,Female,Divorced,US Citizen,No,American Indian or Alaska Native,2011-07-05,NA,N/A - still employed,Active,Production,Production Technician II,22.5,Ketsia Liebig,MBTA ads,Exceeds
"Johnston, Yen",1306057810,MA,02128,1969-09-08,48,Female,Single,US Citizen,No,White,2014-07-07,NA,N/A - still employed,Active,Production,Production Technician II,25,Brannon Miller,Professional Society,Exceptional
"Langford, Lindsey",1010022030,MA,02090,1979-07-25,38,Female,Divorced,US Citizen,No,Asian,2013-01-07,2014-03-31,Another position,Voluntarily Terminated,Production,Production Technician II,22,David Stanley,Glassdoor,Fully Meets
"Latif, Mohammed",1104025486,MA,02126,1984-05-09,33,Male,Married,US Citizen,No,White,2012-04-02,2013-04-15,more money,Voluntarily Terminated,Production,Production Technician II,28,Kissy Sullivan,Word of Mouth,Fully Meets
"Linden, Mathew",1405067565,MA,01770,1979-03-19,38,Male,Married,US Citizen,No,White,2013-07-08,NA,N/A - still employed,Leave of Absence,Production,Production Technician II,22,Kelley Spirea,Information Session,Fully Meets
"Lundy, Susan",1305056276,MA,02122,1976-12-26,41,Female,widowed,US Citizen,No,White,2013-07-08,2013-09-15,more money,Voluntarily Terminated,Production,Production Technician II,24,Michael Albert,On-campus Recruiting,N/A- too early to review
"Lunquist, Lisa",1001504432,MA,02324,1982-03-28,35,Female,Single,US Citizen,No,Black or African American,2013-08-19,NA,N/A - still employed,Active,Production,Production Technician II,26.1,Elijiah Gray,Glassdoor,Exceeds
"Manchester, Robyn",1110029623,MA,02324,1976-08-25,41,Female,Married,US Citizen,No,White,2016-05-11,NA,N/A - Has not started yet,Future Start,Production,Production Technician II,23,Webster Butler,Vendor Referral,N/A- too early to review
"Mancuso, Karen",1304055986,MA,02176,1986-12-10,31,Female,Married,US Citizen,No,Two or more races,2011-07-05,2011-08-19,Another position,Voluntarily Terminated,Production,Production Technician II,23,Amy Dunn,Newspager/Magazine,N/A- too early to review
"McCarthy, Brigit",1406067957,MA,02149,1987-05-21,30,Female,Single,US Citizen,No,White,2015-03-30,NA,N/A - still employed,Active,Production,Production Technician II,26,Ketsia Liebig,Newspager/Magazine,N/A- too early to review
"Miller, Ned",1205033439,MA,02472,1985-06-29,32,Male,Single,US Citizen,No,White,2011-08-15,2014-09-04,unhappy,Voluntarily Terminated,Production,Production Technician II,25,Brannon Miller,MBTA ads,PIP
"Monkfish, Erasumus",1404066711,MA,01450,1992-08-17,25,Male,Married,US Citizen,No,White,2011-11-07,NA,N/A - still employed,Active,Production,Production Technician II,27,David Stanley,Professional Society,Fully Meets
"Monterro, Luisa",1001103149,MA,02126,1970-04-24,47,Female,Single,US Citizen,No,Black or African American,2013-05-13,NA,N/A - still employed,Active,Production,Production Technician II,25,Kissy Sullivan,Billboard,Exceptional
"Moran, Patrick",1408069503,MA,02127,1976-12-03,41,Male,Single,US Citizen,No,Hispanic,2012-01-09,NA,N/A - still employed,Leave of Absence,Production,Production Technician II,26,Kelley Spirea,Diversity Job Fair,Fully Meets
"Moumanil, Maliki",1301052436,MA,01460,1974-12-01,43,Male,Separated,US Citizen,No,Black or African American,2013-05-13,NA,N/A - still employed,Active,Production,Production Technician II,29,Michael Albert,On-campus Recruiting,Fully Meets
"Nowlan, Kristie",1104025435,MA,01040,1985-11-23,32,Female,Single,US Citizen,No,White,2014-11-10,NA,N/A - still employed,Active,Production,Production Technician II,26.39,Elijiah Gray,Glassdoor,Fully Meets
"Oliver, Brooke",1001856521,MA,02492,1952-02-11,65,Female,Married,US Citizen,No,Asian,2012-05-14,2013-08-19,unhappy,Voluntarily Terminated,Production,Production Technician II,25,Webster Butler,Newspager/Magazine,90-day meets
"Pelletier, Ermine",1202031821,MA,02472,1989-07-18,28,Female,Married,US Citizen,No,Asian,2011-07-05,2011-09-15,unhappy,Voluntarily Terminated,Production,Production Technician II,28,Amy Dunn,Monster.com,N/A- too early to review
"Peters, Lauren",1411071406,MA,01886,1986-08-17,31,Female,Married,US Citizen,No,White,2011-05-16,2012-02-04,more money,Voluntarily Terminated,Production,Production Technician II,29,Ketsia Liebig,Pay Per Click - Google,Exceeds
"Petingill, Shana",1103024843,MA,02050,1979-03-10,38,Female,Married,Eligible NonCitizen,No,Asian,2012-04-02,NA,N/A - still employed,Active,Production,Production Technician II,26,Brannon Miller,MBTA ads,Fully Meets
"Roberson, May",1402065340,MA,01902,1981-09-05,36,Female,Divorced,Eligible NonCitizen,No,White,2011-09-26,2011-10-22,return to school,Voluntarily Terminated,Production,Production Technician II,26,David Stanley,Search Engine - Google Bing Yahoo,N/A- too early to review
"Robertson, Peter",1499902991,MA,02138,1972-07-03,45,Male,Married,US Citizen,No,White,2011-07-05,2012-02-08,Another position,Voluntarily Terminated,Production,Production Technician II,22,Kissy Sullivan,Glassdoor,Fully Meets
"Sahoo, Adil",1106026462,MA,02062,1986-04-26,31,Male,Married,US Citizen,No,White,2010-08-30,NA,N/A - still employed,Active,Production,Production Technician II,29,Kelley Spirea,Monster.com,Fully Meets
"Sloan, Constance",1012023103,MA,01851,1987-11-25,30,Female,Single,US Citizen,No,White,2009-10-26,2015-04-08,maternity leave - did not return,Voluntarily Terminated,Production,Production Technician II,23,Michael Albert,Monster.com,Fully Meets
"Smith, Joe",1001970770,MA,02045,1963-10-30,54,Male,Single,US Citizen,No,White,2014-09-29,NA,N/A - still employed,Active,Production,Production Technician II,22,Elijiah Gray,Pay Per Click - Google,Exceeds
"Tejeda, Lenora",1406068345,MA,02129,1953-05-24,64,Female,Married,US Citizen,No,White,2011-05-16,2012-07-08,Another position,Voluntarily Terminated,Production,Production Technician II,28.75,Elijiah Gray,Search Engine - Google Bing Yahoo,Fully Meets
"Thibaud, Kenneth",1011022777,MA,02472,1975-09-16,42,Male,widowed,US Citizen,No,White,2007-06-25,2010-08-30,military,Voluntarily Terminated,Production,Production Technician II,23,Webster Butler,Pay Per Click - Google,Fully Meets
"Trzeciak, Cybil",1107027551,MA,01778,1985-03-15,32,Female,Single,US Citizen,No,White,2011-01-10,2012-07-02,unhappy,Voluntarily Terminated,Production,Production Technician II,22,Amy Dunn,Vendor Referral,Fully Meets
"Walker, Roger",1011022818,MA,02459,1976-02-10,41,Male,Single,US Citizen,No,Black or African American,2014-08-18,NA,N/A - still employed,Active,Production,Production Technician II,22,Ketsia Liebig,Employee Referral,Fully Meets
"Winthrop, Jordan",1405067188,MA,02045,1958-11-07,59,Male,Single,US Citizen,No,White,2013-01-07,2016-02-21,retiring,Voluntarily Terminated,Production,Production Technician II,29,Brannon Miller,Professional Society,Exceeds
"Wolk, Hang  T",1205033180,MA,02302,1985-04-20,32,Female,Single,US Citizen,No,White,2014-09-29,NA,N/A - still employed,Active,Production,Production Technician II,22,David Stanley,Newspager/Magazine,Fully Meets
"Woodson, Jason",1012023010,MA,01810,1985-05-11,32,Male,Single,US Citizen,No,White,2014-07-07,NA,N/A - still employed,Active,Production,Production Technician II,24.25,Kissy Sullivan,Vendor Referral,Fully Meets
"Buck, Edward",1504073313,MA,02330,1975-07-07,42,Male,Married,US Citizen,No,White,2014-09-29,NA,N/A - still employed,Active,Sales,Area Sales Manager,55,Lynn Daneault,Employee Referral,Fully Meets
"Bunbury, Jessica",1504073368,VA,21851,1964-06-01,53,Female,Married,Eligible NonCitizen,No,Black or African American,2011-08-15,2014-08-02,Another position,Voluntarily Terminated,Sales,Area Sales Manager,55,John Smith,Social Networks - Facebook Twitter etc,Fully Meets
"Carter, Michelle",1403065721,VT,05664,1963-05-15,54,Female,Single,US Citizen,No,White,2014-08-18,NA,N/A - still employed,Active,Sales,Area Sales Manager,55,John Smith,Billboard,Fully Meets
"Costa, Latia",1409070567,CA,90007,1988-11-08,29,Female,Single,US Citizen,No,White,2011-01-10,NA,N/A - still employed,Active,Sales,Area Sales Manager,55,Lynn Daneault,Other,Exceeds
"Dietrich, Jenna",1408069481,WA,98052,1987-05-14,30,Female,Single,US Citizen,Yes,White,2012-02-20,NA,N/A - still employed,Active,Sales,Area Sales Manager,55,John Smith,Website Banner Ads,PIP
"Digitale, Alfred",1306059197,NH,03062,1988-09-14,29,Male,Married,US Citizen,No,American Indian or Alaska Native,2014-08-18,NA,N/A - still employed,Active,Sales,Area Sales Manager,56,John Smith,Pay Per Click - Google,Fully Meets
"Fraval, Maruk",1411071302,CT,06050,1963-08-28,54,Male,Single,US Citizen,No,Black or African American,2011-09-06,NA,N/A - still employed,Active,Sales,Area Sales Manager,55,Lynn Daneault,Monster.com,Fully Meets
"Friedman, Gerry",1204032843,NY,10171,1969-02-24,48,Male,Single,US Citizen,Yes,Two or more races,2011-03-07,NA,N/A - still employed,Active,Sales,Area Sales Manager,55.5,John Smith,Diversity Job Fair,Fully Meets
"Gill, Whitney",1302053046,OH,43050,1971-07-10,46,Female,widowed,US Citizen,No,Black or African American,2014-07-07,2015-09-05,attendance,Terminated for Cause,Sales,Area Sales Manager,55,John Smith,Monster.com,Fully Meets
"Givens, Myriam",1203032099,IN,46204,1989-09-22,28,Female,Single,US Citizen,No,White,2015-02-16,NA,N/A - still employed,Active,Sales,Area Sales Manager,55,Lynn Daneault,Pay Per Click - Google,90-day meets
"Gonzales, Ricardo",1411071481,ID,83706,1954-10-12,63,Male,Married,US Citizen,No,White,2014-05-12,NA,N/A - still employed,Active,Sales,Area Sales Manager,55.5,John Smith,Monster.com,Fully Meets
"Guilianno, Mike",1001167253,TN,37129,1969-02-09,48,Male,Single,US Citizen,No,Two or more races,2011-03-07,2014-10-31,relocation out of area,Voluntarily Terminated,Sales,Area Sales Manager,55,John Smith,Newspager/Magazine,Fully Meets
Jeremy Prater,1001084890,NV,89139,1974-05-09,43,Male,Married,US Citizen,No,White,2014-05-12,NA,N/A - still employed,Active,Sales,Area Sales Manager,56,Lynn Daneault,Website Banner Ads,PIP
"Khemmich, Bartholemew",1104025008,CO,80820,1979-11-27,38,Male,Single,US Citizen,No,White,2013-08-19,NA,N/A - still employed,Active,Sales,Area Sales Manager,55,Lynn Daneault,Pay Per Click - Google,Fully Meets
"Leruth, Giovanni",1412071660,UT,84111,1988-12-27,29,Male,Separated,US Citizen,No,Black or African American,2012-04-30,NA,N/A - still employed,Active,Sales,Area Sales Manager,55,John Smith,Website Banner Ads,Fully Meets
"Martins, Joseph",1209048771,TX,78207,1970-06-11,47,Male,Single,Eligible NonCitizen,No,Black or African American,2012-05-14,NA,N/A - still employed,Active,Sales,Area Sales Manager,56,Lynn Daneault,Employee Referral,Fully Meets
"McKinzie, Jac",1209049326,TX,78789,1984-07-01,33,Male,Married,US Citizen,No,Two or more races,2016-07-06,NA,N/A - Has not started yet,Future Start,Sales,Area Sales Manager,55,Lynn Daneault,Website Banner Ads,N/A- too early to review
"Mullaney, Howard",1306057978,AL,36006,1975-11-02,42,Male,Single,US Citizen,No,Two or more races,2014-09-29,NA,N/A - still employed,Active,Sales,Area Sales Manager,55,John Smith,Internet Search,Needs Improvement
"Nguyen, Dheepa",1111030684,GA,30428,1989-03-31,28,Female,Single,US Citizen,No,Two or more races,2013-07-08,NA,N/A - still employed,Active,Sales,Area Sales Manager,55,Lynn Daneault,Pay Per Click - Google,Fully Meets
"Onque, Jasmine",1501072180,FL,33174,1990-05-11,27,Female,Single,US Citizen,Yes,White,2013-09-30,NA,N/A - still employed,Active,Sales,Area Sales Manager,57,Lynn Daneault,Pay Per Click - Google,Fully Meets
"Ozark, Travis",0812011761,NC,27229,1982-05-19,35,Male,Single,US Citizen,No,White,2015-01-05,NA,N/A - still employed,Active,Sales,Area Sales Manager,55,John Smith,Website Banner Ads,90-day meets
"Potts, Xana",1102024106,KY,40220,1988-08-29,29,Female,Married,US Citizen,No,Black or African American,2012-01-09,NA,N/A - still employed,Active,Sales,Area Sales Manager,55,Lynn Daneault,Website Banner Ads,Fully Meets
"Riordan, Michael",1502072711,ND,58782,1968-01-15,50,Male,Separated,US Citizen,No,White,2006-01-09,NA,N/A - still employed,Active,Sales,Area Sales Manager,55,Lynn Daneault,Billboard,Exceeds
"Strong, Caitrin",1411071295,MT,59102,1989-05-12,28,Female,Married,US Citizen,No,Black or African American,2010-09-27,NA,N/A - still employed,Active,Sales,Area Sales Manager,54,John Smith,Professional Society,Fully Meets
"Terry, Sharlene",1401064637,OR,97756,1965-05-07,52,Female,Single,US Citizen,No,Black or African American,2014-09-29,NA,N/A - still employed,Active,Sales,Area Sales Manager,55,Lynn Daneault,Monster.com,Fully Meets
"Valentin,Jackie",1312063714,AZ,85006,1991-05-23,26,Female,Married,US Citizen,No,Two or more races,2011-07-05,NA,N/A - still employed,Active,Sales,Area Sales Manager,55,John Smith,Other,Fully Meets
"Villanueva, Noah",1111030503,ME,04063,1989-07-11,28,Male,Single,US Citizen,No,Asian,2012-03-05,NA,N/A - still employed,Active,Sales,Area Sales Manager,56,John Smith,Website Banner Ads,Fully Meets
"Houlihan, Debra",1009021646,RI,02908,1966-03-17,51,Female,Married,US Citizen,No,White,2014-05-05,NA,N/A - still employed,Active,Sales,Director of Sales,60,Janet King,MBTA ads,Fully Meets
"Daneault, Lynn",1402065303,VT,05473,1990-04-19,27,Female,Single,US Citizen,No,White,2014-05-05,NA,N/A - still employed,Active,Sales,Sales Manager,54,Debra Houlihan,Pay Per Click - Google,Fully Meets
"Kampew, Donysha",1109029264,PA,19444,1989-11-11,28,Female,Single,US Citizen,No,White,2011-11-07,2014-04-24,maternity leave - did not return,Voluntarily Terminated,Sales,Sales Manager,60.25,Debra Houlihan,Social Networks - Facebook Twitter etc,Fully Meets
"Smith, John",1499902910,MA,01886,1984-08-16,33,Male,Divorced,US Citizen,No,Black or African American,2014-05-18,NA,N/A - still employed,Active,Sales,Sales Manager,56,Debra Houlihan,Diversity Job Fair,Needs Improvement
"Andreola, Colby",1107027358,MA,02110,1979-05-24,38,Female,Single,US Citizen,No,White,2014-11-10,NA,N/A - still employed,Active,Software Engineering,Software Engineer,47.6,Alex Sweetwater,Vendor Referral,Fully Meets
"Carabbio, Judith",1101023577,MA,02132,1987-04-05,30,Female,Single,US Citizen,No,White,2013-11-11,NA,N/A - still employed,Active,Software Engineering,Software Engineer,56,Alex Sweetwater,Pay Per Click - Google,90-day meets
"Del Bosque, Keyla",1203032498,MA,02176,1979-07-05,38,Female,Single,US Citizen,No,Black or African American,2012-01-09,NA,N/A - still employed,Active,Software Engineering,Software Engineer,57.12,Alex Sweetwater,Monster.com,90-day meets
"Exantus, Susan",1401064670,MA,01749,1987-05-15,30,Female,Married,US Citizen,No,Black or African American,2011-05-02,2013-06-05,attendance,Terminated for Cause,Software Engineering,Software Engineer,48.5,Alex Sweetwater,Billboard,Needs Improvement
"Martin, Sandra",1303054625,MA,02135,1987-11-07,30,Female,Separated,US Citizen,No,Asian,2013-11-11,NA,N/A - still employed,Active,Software Engineering,Software Engineer,55.51,Alex Sweetwater,Search Engine - Google Bing Yahoo,Fully Meets
"Patronick, Luke",1112030979,MA,01844,1979-02-20,38,Male,Single,US Citizen,No,Asian,2011-11-07,2015-09-07,Another position,Voluntarily Terminated,Software Engineering,Software Engineer,52.25,Alex Sweetwater,Diversity Job Fair,Exceeds
"Saada, Adell",1012023185,MA,02132,1986-07-24,31,Female,Married,US Citizen,No,White,2012-11-05,NA,N/A - still employed,Active,Software Engineering,Software Engineer,49.25,Alex Sweetwater,Pay Per Click - Google,Fully Meets
"Szabo, Andrew",1201031324,MA,02140,1983-05-06,34,Male,Single,US Citizen,No,White,2014-07-07,NA,N/A - still employed,Active,Software Engineering,Software Engineer,48,Alex Sweetwater,MBTA ads,Exceptional
"True, Edward",1102024057,MA,02451,1983-06-14,34,Male,Single,Non-Citizen,No,Black or African American,2013-02-18,2014-04-15,medical issues,Voluntarily Terminated,Software Engineering,Software Engineer,45.42,Alex Sweetwater,Diversity Job Fair,Fully Meets
"Sweetwater, Alex",1001644719,MA,02184,1966-11-22,51,Male,Single,US Citizen,No,White,2011-08-15,NA,N/A - still employed,Active,Software Engineering,Software Engineering Manager,27,Jennifer Zamora,Search Engine - Google Bing Yahoo,Fully Meets
